Heuristic,samples/DivideByZero.java,samples/DoubleFor.java samples/DoubleForWet.java samples/Factorial.java samples/FactorialWet.java samples/HelloWorld.java samples/HelloWorldWet.java AllPairsWeightedHeuristic.java AllPairsNaiveHeuristic.java DRY.java Iteration1Heuristic.java ZeroHeuristic.java
ZeroHeuristic,0.0,0.0,0.0,0.0,0.0,0.0,0.0,0.0,0.0,0.0,0.0,0.0,
Iteration1Heuristic,0.0,0.21223958333333334,0.2604166666666667,0.1875,0.2,0.22916666666666666,0.6666666666666667,0.019181976782500092,0.02817514750342171,0.40768277391975305,0.06332306235138,0.08013589695137315,
AllPairsNaiveHeuristic,0.0,0.020253164556962026,0.06283905967450272,0.020253164556962026,0.022292545710267227,0.004219409282700422,0.06329113924050633,0.10270592324213539,0.11305052780487891,0.08252164762953881,0.11432087015131828,0.10676936393356787,
AllPairsWeightedHeuristic,0.0,0.03368421052631579,0.7317487266553481,0.030544488711819383,0.02189531303455354,0.10526315789473684,1.0,0.06030031355067098,0.05925581592424589,0.012875475755903639,0.08616498851204052,0.09073756563874705,
